customer_id,first_name,last_name,birth_date,gender,city,segment,created_at,country
100000,Karlis,Upenieks,1991-11-04,M,Ventspils,Retail,2020-07-01,LV
100001,Kristaps,Kalnina,1954-01-24,F,Liepaja,Retail,2020-05-18,LV
100002,Anna,Kalnina,2000-05-08,M,Riga,Retail,2017-07-27,LV
100003,Elina,Abele,1960-04-05,F,Ventspils,Retail,2022-06-25,LV
100004,Ilze,Ezerina,1963-12-04,F,Jurmala,Retail,2016-02-29,LV
100005,Roberts,Kalejs,1942-11-24,F,Liepaja,SME,2022-12-23,LV
100006,Maija,Berzins,1961-09-03,F,Ventspils,Retail,2022-07-10,LV
100007,Kristaps,Kalejs,1992-10-14,F,Jelgava,Retail,2020-02-25,LV
100008,Anna,Kalejs,1941-01-01,F,Valmiera,Retail,2019-09-03,LV
100009,Janis,Krastins,1969-02-07,F,Ventspils,Retail,2025-01-22,LV
100010,Elina,Kalejs,1977-04-17,M,Ogre,Retail,2015-12-16,LV
100011,Maija,Kreicbergs,1941-10-01,M,Cesis,SME,2020-12-26,LV
100012,Kristaps,Krastins,2003-09-07,M,Jelgava,SME,2023-08-19,LV
100013,Ilze,Ezerina,1999-12-21,F,Riga,Retail,2016-04-06,LV
100014,Liga,Kalejs,1960-12-18,F,Riga,SME,2020-04-12,LV
100015,Dace,Sproge,1972-07-08,F,Riga,Corporate,2022-11-09,LV
100016,Elina,Jansons,1997-08-19,F,Riga,Retail,2022-09-09,LV
100017,Ilze,Kalnina,1961-05-26,F,Cesis,Retail,2015-08-22,LV
100018,Kristaps,Krastins,1988-01-25,F,Ventspils,Retail,2015-12-20,LV
100019,Elina,Abele,1998-03-23,F,Daugavpils,Retail,2021-04-10,LV
100020,Karlis,Lacis,1981-07-11,M,Ventspils,Retail,2019-11-19,LV
100021,Maija,Jansons,1999-05-05,F,Jurmala,Retail,2016-04-21,LV
100022,Rihards,Abele,1954-04-25,M,Valmiera,Corporate,2016-07-15,LV
100023,Kristaps,Ozolins,2001-06-04,M,Liepaja,Retail,2025-06-18,LV
100024,Karlis,Abele,2001-02-13,F,Daugavpils,Retail,2025-02-08,LV
100025,Aleksandrs,Kalnina,1986-02-12,F,Daugavpils,Retail,2023-08-17,LV
100026,Anna,Kalnina,2001-06-20,M,Ventspils,SME,2021-07-17,LV
100027,Liga,Krastins,1990-05-26,M,Daugavpils,Corporate,2022-11-15,LV
100028,Andris,Kalejs,1994-01-24,F,Jurmala,Retail,2024-11-15,LV
100029,Maija,Eglitis,2003-08-18,F,Liepaja,Retail,2024-06-06,LV
100030,Elina,Ozolins,1942-02-13,M,Ogre,Retail,2015-09-12,LV
100031,Dace,Krastins,1990-02-18,F,Cesis,Retail,2022-08-26,LV
100032,Ilze,Sproge,1946-05-27,F,Ventspils,Retail,2024-09-22,LV
100033,Andris,Berzins,1960-11-20,F,Cesis,Retail,2018-03-15,LV
100034,Janis,Liepa,1978-06-19,M,Ogre,Retail,2020-06-20,LV
100035,Ilze,Lacis,1957-04-23,M,Ventspils,Retail,2025-04-17,LV
100036,Elina,Abele,1943-02-02,M,Ventspils,Retail,2023-02-03,LV
100037,Liga,Eglitis,1999-11-08,F,Liepaja,Retail,2023-07-13,LV
100038,Laura,Kalejs,1953-05-03,F,Cesis,Retail,2017-07-26,LV
100039,Ilze,Kreicbergs,1948-04-28,M,Riga,Retail,2016-01-20,LV
100040,Laura,Ezerina,1992-02-13,M,Cesis,Retail,2022-08-31,LV
100041,Anna,Berzins,1941-05-15,M,Valmiera,Retail,2016-10-05,LV
100042,Liga,Upenieks,1999-11-27,F,Valmiera,Retail,2020-11-04,LV
100043,Kristaps,Vilsons,1983-06-06,M,Ventspils,Retail,2016-06-08,LV
100044,Karlis,Eglitis,1947-06-12,M,Riga,Retail,2023-08-02,LV
100045,Janis,Ezerina,1986-04-22,F,Jelgava,Retail,2017-12-08,LV
100046,Marta,Kreicbergs,1974-05-23,F,Ogre,Retail,2015-09-01,LV
100047,Elina,Ozolins,1975-11-21,F,Jurmala,Retail,2019-03-20,LV
100048,Roberts,Upenieks,1989-02-20,M,Riga,SME,2022-06-13,LV
100049,Marta,Krastins,1943-11-06,F,Jurmala,Retail,2022-06-23,LV
100050,Ilze,Kalejs,1941-09-24,F,Cesis,Retail,2023-12-01,LV
100051,Andris,Berzins,1945-04-06,M,Cesis,Corporate,2023-11-23,LV
100052,Elina,Berzins,1993-08-13,F,Jurmala,Retail,2025-05-17,LV
100053,Karlis,Berzins,1943-05-21,M,Ogre,Retail,2017-09-13,LV
100054,Aleksandrs,Ozolins,1993-12-18,M,Riga,Retail,2021-03-11,LV
100055,Karlis,Upenieks,2002-04-22,F,Jelgava,Retail,2021-05-05,LV
100056,Roberts,Abele,1957-06-27,F,Ventspils,Retail,2019-10-24,LV
100057,Janis,Vilsons,1983-01-08,F,Liepaja,Retail,2021-08-04,LV
100058,Karlis,Sproge,1973-01-26,F,Cesis,SME,2021-12-15,LV
100059,Dace,Ozolins,2001-06-13,F,Valmiera,SME,2020-10-03,LV
100060,Aleksandrs,Liepa,1953-05-03,F,Ogre,Retail,2025-03-04,LV
100061,Marta,Lacis,1987-04-19,M,Liepaja,Retail,2015-11-22,LV
100062,Kristaps,Lacis,1954-12-11,M,Jelgava,Retail,2020-09-10,LV
100063,Anna,Vilsons,2001-04-21,F,Daugavpils,Corporate,2016-02-14,LV
100064,Dace,Kalnina,1979-08-13,M,Ventspils,Corporate,2020-08-10,LV
100065,Rihards,Lacis,1992-11-15,F,Cesis,Retail,2016-08-10,LV
100066,Aleksandrs,Kalejs,1963-03-09,M,Ventspils,Retail,2024-06-29,LV
100067,Kristaps,Ozolins,1965-03-08,M,Liepaja,Retail,2021-07-30,LV
100068,Kristaps,Kreicbergs,1999-12-18,M,Ventspils,Retail,2019-11-01,LV
100069,Elina,Vilsons,1980-09-09,F,Daugavpils,Retail,2019-04-15,LV
100070,Aleksandrs,Liepa,1968-12-19,M,Liepaja,Retail,2025-04-03,LV
100071,Janis,Kalnina,1954-07-19,F,Cesis,Retail,2017-07-23,LV
100072,Ilze,Abele,1984-07-12,M,Riga,Retail,2020-09-02,LV
100073,Roberts,Upenieks,2004-04-05,M,Valmiera,Retail,2016-05-21,LV
100074,Rihards,Kreicbergs,1948-09-16,M,Liepaja,SME,2024-11-30,LV
100075,Roberts,Krastins,1940-02-25,M,Daugavpils,Retail,2017-05-28,LV
100076,Marta,Vilsons,1947-01-28,M,Liepaja,Retail,2020-12-13,LV
100077,Marta,Kalejs,2002-02-05,F,Liepaja,Retail,2020-04-11,LV
100078,Roberts,Upenieks,1950-11-06,F,Cesis,Retail,2021-09-01,LV
100079,Karlis,Kreicbergs,1947-11-14,M,Liepaja,Retail,2017-03-12,LV
100080,Janis,Kalnina,1974-10-03,M,Valmiera,Retail,2025-02-14,LV
100081,Laura,Kreicbergs,1974-07-13,M,Ventspils,Retail,2016-06-10,LV
100082,Karlis,Ezerina,1972-10-15,M,Cesis,Retail,2020-04-07,LV
100083,Andris,Upenieks,1944-09-09,F,Valmiera,Retail,2024-07-05,LV
100084,Karlis,Jansons,1980-09-28,M,Cesis,Retail,2021-05-29,LV
100085,Anna,Ezerina,1967-01-22,F,Valmiera,Retail,2020-08-03,LV
100086,Maija,Sproge,1946-12-04,M,Daugavpils,Retail,2017-03-05,LV
100087,Ilze,Eglitis,1951-11-18,F,Valmiera,Retail,2023-12-15,LV
100088,Anna,Abele,1973-05-25,M,Jurmala,Retail,2016-08-03,LV
100089,Elina,Lacis,1972-11-11,M,Valmiera,Retail,2022-03-15,LV
100090,Maija,Kalnina,1987-02-10,F,Riga,Retail,2023-08-26,LV
100091,Maija,Upenieks,1962-07-06,M,Riga,Retail,2021-02-26,LV
100092,Aleksandrs,Sproge,2001-08-01,M,Ogre,Retail,2015-04-24,LV
100093,Janis,Sproge,1976-12-24,M,Jurmala,Retail,2021-03-03,LV
100094,Janis,Krastins,1983-05-17,F,Jurmala,Retail,2020-04-03,LV
100095,Maija,Kreicbergs,1974-03-17,M,Ventspils,Retail,2018-01-25,LV
100096,Andris,Eglitis,2004-02-28,M,Jurmala,SME,2018-08-23,LV
100097,Karlis,Sproge,1986-11-10,F,Ventspils,Retail,2020-10-24,LV
100098,Aleksandrs,Eglitis,1942-11-17,F,Ogre,Retail,2023-04-10,LV
100099,Ilze,Ezerina,1940-10-07,F,Ogre,Retail,2018-04-08,LV
100100,Maija,Kreicbergs,1944-03-12,M,Daugavpils,Retail,2018-11-08,LV
100101,Dace,Upenieks,1953-03-18,M,Riga,Retail,2017-05-04,LV
100102,Marta,Ezerina,1966-09-01,M,Valmiera,Retail,2017-08-20,LV
100103,Marta,Kalejs,1948-10-11,F,Valmiera,SME,2016-04-24,LV
100104,Anna,Jansons,1954-08-01,M,Jelgava,Retail,2020-01-12,LV
100105,Elina,Sproge,1981-02-12,M,Cesis,Retail,2016-09-20,LV
100106,Liga,Ozolins,1990-05-08,F,Daugavpils,Retail,2023-08-21,LV
100107,Liga,Ezerina,2002-01-08,F,Jelgava,Retail,2024-03-08,LV
100108,Marta,Jansons,1991-10-03,F,Jelgava,Retail,2023-12-16,LV
100109,Laura,Kreicbergs,1943-02-24,F,Liepaja,Retail,2015-08-23,LV
100110,Kristaps,Krastins,1962-08-27,F,Liepaja,Retail,2020-09-23,LV
100111,Anna,Abele,1954-02-25,M,Jelgava,Retail,2017-03-25,LV
100112,Liga,Ozolins,1982-09-25,F,Jurmala,SME,2025-02-28,LV
100113,Marta,Kalnina,1968-03-05,M,Cesis,SME,2021-05-29,LV
100114,Elina,Lacis,1975-11-16,M,Daugavpils,Retail,2017-08-16,LV
100115,Liga,Krastins,1952-09-06,F,Jelgava,Retail,2017-10-05,LV
100116,Karlis,Jansons,1971-05-17,F,Valmiera,SME,2018-01-28,LV
100117,Karlis,Kreicbergs,1998-10-14,F,Cesis,SME,2017-10-25,LV
100118,Janis,Jansons,1967-04-18,M,Liepaja,Retail,2022-06-12,LV
100119,Andris,Lacis,2005-12-23,F,Valmiera,Retail,2015-09-29,LV
100120,Janis,Sproge,1981-04-23,F,Liepaja,Retail,2021-12-27,LV
100121,Ilze,Krastins,1984-05-13,F,Liepaja,Retail,2021-03-13,LV
100122,Maija,Ezerina,2001-11-21,F,Cesis,Corporate,2019-01-15,LV
100123,Dace,Upenieks,1996-06-15,F,Liepaja,Retail,2022-07-23,LV
100124,Janis,Ozolins,1945-09-15,M,Ogre,SME,2025-05-22,LV
100125,Rihards,Liepa,1967-02-08,M,Riga,Retail,2019-11-06,LV
100126,Liga,Vilsons,1967-04-03,M,Ogre,Corporate,2022-08-21,LV
100127,Laura,Jansons,1983-06-01,F,Riga,Retail,2018-12-25,LV
100128,Aleksandrs,Lacis,1969-10-18,F,Liepaja,Retail,2024-02-01,LV
100129,Marta,Kalnina,2001-04-19,F,Daugavpils,Retail,2019-01-26,LV
100130,Aleksandrs,Kalnina,2001-04-01,M,Daugavpils,Retail,2020-04-06,LV
100131,Rihards,Berzins,1940-02-23,F,Riga,Retail,2022-12-24,LV
100132,Elina,Krastins,1966-11-02,F,Valmiera,Corporate,2018-04-20,LV
100133,Janis,Jansons,2001-04-03,F,Cesis,Retail,2021-04-04,LV
100134,Dace,Vilsons,1942-01-28,M,Liepaja,SME,2024-09-14,LV
100135,Elina,Kalejs,1966-06-03,F,Cesis,SME,2022-06-30,LV
100136,Kristaps,Lacis,1948-09-08,M,Ogre,Retail,2022-11-08,LV
100137,Kristaps,Sproge,2001-05-22,F,Daugavpils,Retail,2019-10-17,LV
100138,Aleksandrs,Eglitis,1976-08-07,M,Jurmala,Retail,2021-06-30,LV
100139,Maija,Ezerina,1990-09-05,M,Ogre,Retail,2023-07-22,LV
100140,Anna,Upenieks,1983-12-19,M,Ogre,Retail,2023-12-22,LV
100141,Maija,Vilsons,1963-10-16,F,Riga,Retail,2022-02-14,LV
100142,Liga,Eglitis,1998-04-26,F,Ventspils,Retail,2017-10-03,LV
100143,Rihards,Krastins,1971-08-26,M,Ogre,Retail,2018-05-25,LV
100144,Karlis,Ezerina,1991-07-07,M,Liepaja,Retail,2025-04-15,LV
100145,Ilze,Eglitis,2001-02-04,F,Jelgava,Retail,2017-05-09,LV
100146,Maija,Ezerina,1997-11-14,F,Jelgava,Corporate,2019-04-03,LV
100147,Andris,Liepa,1991-06-14,M,Liepaja,Retail,2015-11-21,LV
100148,Ilze,Berzins,1951-07-15,F,Ventspils,SME,2023-03-06,LV
100149,Rihards,Vilsons,1978-12-02,F,Ventspils,Retail,2021-04-25,LV
100150,Ilze,Krastins,1941-11-21,F,Riga,Retail,2024-06-07,LV
100151,Dace,Vilsons,1942-11-04,F,Daugavpils,Retail,2016-09-29,LV
100152,Janis,Liepa,1995-01-13,M,Cesis,Retail,2023-10-11,LV
100153,Dace,Jansons,1998-12-11,F,Ventspils,Retail,2017-02-13,LV
100154,Ilze,Jansons,1941-02-08,F,Jurmala,Retail,2019-11-07,LV
100155,Elina,Jansons,1941-04-07,M,Riga,Retail,2016-06-05,LV
100156,Kristaps,Abele,1993-09-15,M,Valmiera,Retail,2017-09-23,LV
100157,Ilze,Eglitis,1940-03-14,F,Riga,Retail,2019-08-23,LV
100158,Dace,Abele,1958-03-09,F,Ogre,Retail,2022-08-23,LV
100159,Laura,Berzins,1941-08-08,F,Cesis,Retail,2023-09-25,LV
100160,Rihards,Upenieks,1992-02-15,F,Valmiera,Retail,2017-07-04,LV
100161,Elina,Liepa,1983-09-04,M,Valmiera,Retail,2022-06-11,LV
100162,Dace,Krastins,1971-01-21,M,Jurmala,Retail,2016-07-23,LV
100163,Maija,Vilsons,1971-09-27,M,Jurmala,Retail,2018-10-11,LV
100164,Marta,Ezerina,1994-01-03,F,Jurmala,SME,2022-09-04,LV
100165,Aleksandrs,Sproge,1995-04-06,F,Riga,Retail,2020-12-12,LV
100166,Anna,Krastins,1956-07-16,F,Cesis,Retail,2015-06-15,LV
100167,Karlis,Eglitis,1977-08-07,F,Riga,Retail,2022-01-22,LV
100168,Dace,Abele,1963-07-02,M,Jelgava,Retail,2015-11-27,LV
100169,Andris,Abele,1950-03-13,M,Ogre,Retail,2021-09-29,LV
100170,Anna,Kreicbergs,1955-01-13,F,Ogre,Retail,2023-07-17,LV
100171,Rihards,Abele,1998-05-26,M,Jurmala,Retail,2021-05-12,LV
100172,Laura,Upenieks,1942-08-10,F,Jelgava,Retail,2019-01-05,LV
100173,Roberts,Kalejs,1959-07-23,F,Ventspils,Retail,2021-07-27,LV
100174,Dace,Vilsons,1998-12-26,M,Ventspils,Retail,2016-05-22,LV
100175,Marta,Kalejs,1975-09-22,F,Jurmala,Retail,2021-05-18,LV
100176,Anna,Ezerina,1958-12-16,F,Riga,Retail,2018-10-27,LV
100177,Karlis,Vilsons,2006-03-07,M,Jurmala,Retail,2015-06-25,LV
100178,Ilze,Liepa,1958-05-07,F,Daugavpils,Retail,2020-06-03,LV
100179,Dace,Vilsons,1959-01-19,F,Valmiera,Retail,2016-09-07,LV
100180,Janis,Kalejs,1991-12-18,M,Ogre,Retail,2020-09-14,LV
100181,Laura,Krastins,1972-01-24,F,Ventspils,Retail,2017-06-26,LV
100182,Rihards,Vilsons,1979-06-02,M,Liepaja,Retail,2017-05-05,LV
100183,Aleksandrs,Liepa,1978-01-19,F,Ventspils,Retail,2015-08-27,LV
100184,Marta,Liepa,1940-08-17,M,Ogre,Retail,2019-11-18,LV
100185,Liga,Berzins,1950-09-06,M,Valmiera,Retail,2023-01-14,LV
100186,Liga,Vilsons,1996-01-17,M,Ogre,Retail,2017-05-12,LV
100187,Andris,Sproge,1989-02-28,F,Liepaja,Retail,2022-12-24,LV
100188,Anna,Kreicbergs,1962-03-03,M,Jurmala,Retail,2022-08-19,LV
100189,Marta,Jansons,1970-10-03,M,Jelgava,SME,2025-06-20,LV
100190,Elina,Kalnina,1981-11-28,M,Liepaja,Retail,2015-02-02,LV
100191,Karlis,Liepa,1946-04-13,M,Ogre,Retail,2016-05-07,LV
100192,Aleksandrs,Ozolins,1955-02-19,M,Ogre,Retail,2015-04-29,LV
100193,Ilze,Jansons,1999-04-19,F,Daugavpils,Corporate,2019-05-10,LV
100194,Dace,Upenieks,1941-10-02,F,Daugavpils,SME,2018-09-02,LV
100195,Dace,Eglitis,1940-10-03,F,Cesis,Retail,2017-07-18,LV
100196,Liga,Vilsons,1987-07-22,F,Daugavpils,Retail,2024-05-03,LV
100197,Dace,Kalejs,1951-10-19,F,Riga,Retail,2025-05-11,LV
100198,Rihards,Kalnina,1976-09-11,F,Jelgava,Retail,2023-12-24,LV
100199,Aleksandrs,Ozolins,1971-05-07,F,Valmiera,Retail,2022-03-15,LV
100200,Janis,Jansons,1948-11-23,M,Liepaja,Retail,2016-11-21,LV
100201,Roberts,Vilsons,1958-06-08,F,Ogre,Retail,2019-11-26,LV
100202,Andris,Berzins,1987-05-13,M,Cesis,Retail,2019-01-16,LV
100203,Kristaps,Eglitis,1942-03-22,M,Cesis,SME,2020-02-15,LV
100204,Maija,Kalnina,1959-11-10,F,Valmiera,Retail,2017-01-27,LV
100205,Andris,Kreicbergs,1963-08-11,M,Jelgava,Retail,2015-10-24,LV
100206,Anna,Ezerina,1993-02-01,M,Liepaja,Retail,2019-01-21,LV
100207,Janis,Berzins,1972-08-20,M,Ventspils,Retail,2022-02-21,LV
100208,Andris,Ozolins,1963-10-04,M,Daugavpils,Retail,2022-10-11,LV
100209,Ilze,Upenieks,1975-02-18,F,Jurmala,Retail,2016-01-26,LV
100210,Liga,Kalnina,1977-04-17,F,Cesis,SME,2016-11-19,LV
100211,Laura,Berzins,1964-05-05,F,Daugavpils,Retail,2023-07-03,LV
100212,Anna,Eglitis,1957-06-03,F,Daugavpils,Retail,2025-02-25,LV
100213,Dace,Kreicbergs,2005-04-12,F,Riga,Retail,2024-02-13,LV
100214,Marta,Berzins,1993-05-06,F,Jelgava,Retail,2015-04-13,LV
100215,Ilze,Abele,1974-08-27,F,Jurmala,Retail,2023-10-08,LV
100216,Anna,Kreicbergs,2000-09-23,F,Ventspils,Retail,2024-10-13,LV
100217,Laura,Ezerina,1980-05-20,F,Ogre,Retail,2019-02-12,LV
100218,Karlis,Ozolins,1972-11-17,F,Riga,Retail,2017-06-11,LV
100219,Dace,Upenieks,1972-01-22,M,Daugavpils,Retail,2019-12-15,LV
100220,Andris,Eglitis,1953-09-10,F,Daugavpils,Retail,2022-04-21,LV
100221,Andris,Sproge,1960-11-04,M,Jurmala,Retail,2015-01-10,LV
100222,Anna,Vilsons,1987-03-09,M,Jurmala,Retail,2025-06-17,LV
100223,Marta,Kalejs,1959-02-04,M,Jurmala,Retail,2021-01-01,LV
100224,Karlis,Lacis,1947-12-18,M,Daugavpils,Retail,2019-02-03,LV
100225,Dace,Krastins,1946-03-09,F,Cesis,Retail,2024-09-15,LV
100226,Laura,Krastins,2006-05-20,M,Liepaja,Retail,2022-02-01,LV
100227,Roberts,Kalejs,1956-04-23,F,Daugavpils,Retail,2018-03-09,LV
100228,Andris,Lacis,1972-06-07,F,Riga,SME,2016-06-15,LV
100229,Laura,Kalejs,1987-11-21,M,Jelgava,SME,2023-11-27,LV
100230,Janis,Kalnina,1998-05-17,F,Ventspils,Retail,2021-02-18,LV
100231,Andris,Ozolins,1961-08-09,M,Ogre,Retail,2016-02-25,LV
100232,Laura,Eglitis,1969-01-03,M,Ventspils,Retail,2023-12-13,LV
100233,Elina,Kreicbergs,1977-11-14,F,Daugavpils,Retail,2024-04-03,LV
100234,Liga,Kalnina,1990-05-02,F,Riga,Retail,2023-08-19,LV
100235,Maija,Ozolins,1993-01-11,M,Daugavpils,Retail,2023-08-21,LV
100236,Aleksandrs,Vilsons,1947-03-21,F,Jelgava,Retail,2024-06-05,LV
100237,Liga,Abele,1966-05-06,F,Cesis,Retail,2015-05-07,LV
100238,Rihards,Krastins,1966-12-15,F,Ogre,Retail,2021-08-23,LV
100239,Maija,Eglitis,1960-09-23,M,Jelgava,Retail,2022-12-31,LV
100240,Ilze,Kalejs,1969-07-18,M,Daugavpils,Retail,2015-09-28,LV
100241,Laura,Berzins,1967-01-04,F,Riga,Retail,2021-07-31,LV
100242,Maija,Sproge,2003-02-23,F,Jelgava,Retail,2021-05-08,LV
100243,Rihards,Eglitis,2000-03-18,F,Valmiera,SME,2019-04-26,LV
100244,Dace,Liepa,1987-01-27,F,Riga,Retail,2015-04-11,LV
100245,Roberts,Upenieks,1958-06-19,F,Cesis,Retail,2021-01-27,LV
100246,Elina,Lacis,1943-09-05,M,Daugavpils,Retail,2016-02-24,LV
100247,Janis,Ozolins,1974-07-05,F,Jurmala,SME,2020-11-12,LV
100248,Laura,Jansons,2003-01-10,M,Ogre,Retail,2019-02-07,LV
100249,Janis,Vilsons,1988-06-26,F,Liepaja,Retail,2016-10-06,LV
100250,Marta,Abele,1956-01-12,M,Jurmala,Retail,2024-11-24,LV
100251,Andris,Vilsons,1983-04-22,F,Daugavpils,Retail,2020-08-28,LV
100252,Laura,Eglitis,1969-04-22,M,Valmiera,Retail,2017-04-08,LV
100253,Aleksandrs,Krastins,1985-02-12,F,Jurmala,Retail,2015-10-03,LV
100254,Laura,Lacis,1945-09-28,M,Ogre,Retail,2020-12-29,LV
100255,Anna,Jansons,1976-07-20,M,Riga,Retail,2024-04-15,LV
100256,Roberts,Liepa,1963-12-05,M,Valmiera,SME,2020-10-04,LV
100257,Anna,Kreicbergs,1985-04-28,M,Valmiera,Retail,2017-12-23,LV
100258,Laura,Berzins,1992-03-26,M,Jelgava,Retail,2022-11-27,LV
100259,Elina,Jansons,1999-03-14,M,Ogre,Retail,2023-02-21,LV
100260,Maija,Ozolins,2002-01-06,F,Jurmala,Retail,2018-02-06,LV
100261,Janis,Kalejs,1971-12-11,M,Jelgava,SME,2017-04-17,LV
100262,Elina,Liepa,1972-07-26,F,Valmiera,Retail,2016-01-28,LV
100263,Laura,Berzins,2006-11-28,F,Jelgava,Retail,2022-10-14,LV
100264,Rihards,Sproge,1957-12-26,F,Ventspils,Retail,2015-08-18,LV
100265,Maija,Abele,1964-04-09,F,Ogre,Retail,2019-12-29,LV
100266,Rihards,Kalejs,1993-03-26,F,Cesis,Retail,2018-06-06,LV
100267,Janis,Eglitis,1997-12-04,M,Riga,Retail,2015-09-30,LV
100268,Maija,Jansons,2006-07-28,M,Valmiera,Retail,2018-05-24,LV
100269,Aleksandrs,Krastins,1985-01-28,M,Ogre,Corporate,2015-09-18,LV
100270,Roberts,Berzins,1963-08-08,F,Cesis,Retail,2020-05-15,LV
100271,Liga,Upenieks,1971-04-27,M,Cesis,Retail,2020-04-10,LV
100272,Karlis,Kalnina,1986-08-12,M,Daugavpils,Retail,2023-10-08,LV
100273,Ilze,Upenieks,1962-05-27,M,Jelgava,Retail,2021-10-10,LV
100274,Elina,Kreicbergs,2005-04-08,M,Cesis,Retail,2024-03-28,LV
100275,Andris,Upenieks,1966-01-22,M,Ventspils,Retail,2023-01-20,LV
100276,Elina,Sproge,1941-04-13,F,Ogre,Retail,2019-04-24,LV
100277,Karlis,Kreicbergs,1956-06-09,M,Liepaja,Retail,2015-08-16,LV
100278,Liga,Liepa,1972-02-25,F,Liepaja,Retail,2018-04-02,LV
100279,Kristaps,Abele,1948-05-12,F,Valmiera,SME,2019-11-13,LV
100280,Dace,Liepa,1982-11-17,F,Jelgava,Retail,2021-01-27,LV
100281,Aleksandrs,Kalnina,1987-07-22,F,Cesis,Retail,2015-10-25,LV
100282,Rihards,Ozolins,1978-09-11,F,Ogre,Retail,2020-08-24,LV
100283,Laura,Abele,1981-01-04,M,Valmiera,Retail,2019-08-25,LV
100284,Aleksandrs,Upenieks,1965-05-06,M,Jurmala,Retail,2017-02-12,LV
100285,Karlis,Krastins,1989-10-09,M,Cesis,Retail,2021-04-05,LV
100286,Laura,Vilsons,1964-01-04,F,Jelgava,Retail,2022-06-08,LV
100287,Andris,Ozolins,1963-10-14,M,Liepaja,Retail,2021-10-21,LV
100288,Anna,Abele,1952-06-24,M,Daugavpils,Retail,2022-06-25,LV
100289,Maija,Abele,1999-06-14,F,Ogre,Retail,2021-07-30,LV
100290,Dace,Kalnina,1946-10-17,F,Riga,Retail,2020-10-07,LV
100291,Roberts,Eglitis,1996-02-13,F,Valmiera,Retail,2018-03-06,LV
100292,Roberts,Upenieks,1975-10-07,F,Ogre,Retail,2023-06-11,LV
100293,Karlis,Kalnina,1984-05-02,M,Ogre,Retail,2023-06-19,LV
100294,Aleksandrs,Abele,1959-12-14,F,Ventspils,Retail,2021-04-01,LV
100295,Roberts,Berzins,2004-01-17,F,Jurmala,Retail,2023-11-01,LV
100296,Andris,Ozolins,1947-09-22,M,Cesis,Retail,2019-07-16,LV
100297,Rihards,Kalnina,1955-12-24,M,Cesis,Retail,2016-05-28,LV
100298,Kristaps,Eglitis,1953-12-22,F,Jelgava,Retail,2022-03-22,LV
100299,Elina,Lacis,1954-04-12,M,Riga,Retail,2016-05-05,LV
100300,Marta,Jansons,2005-07-03,F,Riga,Retail,2022-04-29,LV
100301,Andris,Liepa,1971-11-11,F,Jelgava,Retail,2025-04-01,LV
100302,Laura,Abele,2002-10-11,M,Daugavpils,Retail,2018-01-26,LV
100303,Ilze,Upenieks,1990-11-28,M,Cesis,Retail,2024-04-12,LV
100304,Karlis,Vilsons,1964-02-24,F,Daugavpils,Retail,2019-12-31,LV
100305,Anna,Jansons,1997-05-17,F,Ogre,Retail,2020-06-18,LV
100306,Maija,Kreicbergs,2002-05-22,F,Ogre,SME,2016-09-29,LV
100307,Ilze,Krastins,2001-07-11,M,Liepaja,Retail,2016-05-12,LV
100308,Maija,Krastins,1961-07-23,F,Riga,Retail,2020-07-30,LV
100309,Janis,Ezerina,1997-05-18,F,Liepaja,Retail,2020-01-12,LV
100310,Ilze,Ezerina,1997-03-07,F,Jurmala,Retail,2020-03-19,LV
100311,Marta,Kalejs,1988-07-22,F,Jelgava,Retail,2022-08-02,LV
100312,Aleksandrs,Eglitis,1991-07-22,F,Jelgava,Retail,2025-04-02,LV
100313,Kristaps,Vilsons,1981-12-06,M,Ogre,Retail,2022-04-01,LV
100314,Elina,Lacis,1954-10-19,F,Cesis,Retail,2017-11-01,LV
100315,Elina,Lacis,1993-05-13,F,Daugavpils,Retail,2022-07-21,LV
100316,Kristaps,Kalejs,1999-09-27,F,Riga,SME,2020-12-24,LV
100317,Rihards,Eglitis,1947-01-10,F,Liepaja,Retail,2022-08-10,LV
100318,Dace,Upenieks,1992-05-07,M,Daugavpils,SME,2015-09-21,LV
100319,Janis,Berzins,1999-07-26,M,Liepaja,Retail,2020-12-30,LV
100320,Maija,Upenieks,1944-10-20,M,Jurmala,Retail,2025-06-17,LV
100321,Marta,Liepa,1945-11-11,F,Jurmala,Retail,2022-05-26,LV
100322,Roberts,Jansons,1986-08-15,F,Daugavpils,Retail,2019-09-03,LV
100323,Ilze,Ozolins,1994-08-22,M,Daugavpils,Retail,2015-12-23,LV
100324,Janis,Lacis,1979-04-17,M,Daugavpils,SME,2016-04-11,LV
100325,Andris,Krastins,1991-08-26,M,Liepaja,SME,2021-11-29,LV
100326,Karlis,Eglitis,1955-12-06,F,Ventspils,Retail,2021-03-07,LV
100327,Ilze,Upenieks,1952-11-03,F,Daugavpils,Retail,2023-09-24,LV
100328,Marta,Ozolins,1969-05-17,M,Cesis,Retail,2017-09-21,LV
100329,Anna,Liepa,1958-11-21,M,Riga,SME,2015-07-13,LV
100330,Anna,Abele,1956-10-11,M,Riga,Retail,2017-06-06,LV
100331,Laura,Kreicbergs,2002-02-27,F,Liepaja,Retail,2025-05-03,LV
100332,Janis,Jansons,1958-04-22,F,Daugavpils,Retail,2022-06-15,LV
100333,Aleksandrs,Liepa,1997-05-08,F,Ogre,Retail,2015-08-05,LV
100334,Marta,Liepa,1994-04-05,M,Jelgava,Corporate,2017-02-23,LV
100335,Marta,Upenieks,2001-01-02,M,Ventspils,Retail,2016-02-22,LV
100336,Kristaps,Berzins,1962-04-16,F,Cesis,Retail,2019-01-06,LV
100337,Andris,Kalejs,1948-10-28,M,Ogre,Retail,2021-03-26,LV
100338,Aleksandrs,Lacis,1951-02-15,F,Jurmala,Retail,2021-02-28,LV
100339,Andris,Kreicbergs,1940-07-21,M,Ogre,Retail,2021-07-06,LV
100340,Rihards,Jansons,1997-10-07,M,Liepaja,Retail,2024-08-25,LV
100341,Maija,Abele,1940-12-23,M,Ventspils,Retail,2015-07-21,LV
100342,Maija,Abele,1973-07-16,M,Valmiera,SME,2025-04-17,LV
100343,Roberts,Kalnina,1987-07-08,F,Valmiera,Retail,2017-08-11,LV
100344,Laura,Liepa,1940-03-21,M,Daugavpils,Retail,2022-08-27,LV
100345,Elina,Eglitis,1955-12-01,F,Daugavpils,SME,2021-04-24,LV
100346,Anna,Berzins,2000-02-25,F,Liepaja,Retail,2021-04-30,LV
100347,Karlis,Kreicbergs,2003-07-08,F,Daugavpils,Retail,2022-07-21,LV
100348,Maija,Upenieks,2002-03-26,M,Jelgava,Retail,2016-04-22,LV
100349,Aleksandrs,Abele,1961-12-17,F,Ventspils,Retail,2024-10-06,LV
100350,Marta,Jansons,2006-08-02,F,Liepaja,Retail,2017-05-05,LV
100351,Karlis,Kalnina,1965-09-08,F,Riga,SME,2024-01-03,LV
100352,Liga,Krastins,1955-02-15,M,Jurmala,Retail,2021-03-30,LV
100353,Andris,Lacis,1990-03-26,M,Liepaja,Retail,2021-10-09,LV
100354,Maija,Jansons,1996-08-22,F,Liepaja,Retail,2020-05-07,LV
100355,Marta,Berzins,1968-09-18,M,Valmiera,Retail,2019-09-28,LV
100356,Maija,Eglitis,1986-10-11,F,Cesis,Retail,2019-04-01,LV
100357,Anna,Kalnina,2001-08-20,F,Cesis,Retail,2016-12-05,LV
100358,Liga,Krastins,1955-12-17,M,Jelgava,Retail,2015-06-11,LV
100359,Ilze,Kalnina,1987-07-27,F,Riga,Retail,2018-03-02,LV
100360,Maija,Kalejs,1978-09-15,M,Valmiera,SME,2023-06-28,LV
100361,Rihards,Kreicbergs,1972-03-24,M,Riga,Retail,2023-10-23,LV
100362,Aleksandrs,Kalnina,1962-08-15,F,Jelgava,Retail,2021-08-01,LV
100363,Maija,Sproge,1949-05-25,M,Cesis,Retail,2024-07-22,LV
100364,Elina,Kalejs,1973-04-27,M,Liepaja,Retail,2017-01-01,LV
100365,Karlis,Kalejs,1991-11-09,F,Daugavpils,Retail,2019-06-15,LV
100366,Karlis,Berzins,1949-09-16,F,Daugavpils,Retail,2019-06-06,LV
100367,Anna,Sproge,1958-11-08,M,Ogre,Retail,2022-08-05,LV
100368,Aleksandrs,Ozolins,1997-05-15,M,Jurmala,Retail,2018-08-26,LV
100369,Liga,Jansons,1940-02-23,F,Jelgava,SME,2025-05-30,LV
100370,Rihards,Lacis,1943-05-08,M,Jurmala,SME,2019-11-10,LV
100371,Kristaps,Eglitis,1955-05-11,M,Jurmala,SME,2023-05-11,LV
100372,Aleksandrs,Vilsons,1963-06-18,M,Cesis,Retail,2018-05-28,LV
100373,Karlis,Jansons,1941-02-05,M,Cesis,Retail,2017-02-01,LV
100374,Elina,Kalnina,1971-03-08,M,Liepaja,Retail,2017-04-23,LV
100375,Ilze,Eglitis,1963-07-23,M,Valmiera,Retail,2016-04-05,LV
100376,Anna,Abele,1951-03-23,M,Cesis,Retail,2022-09-09,LV
100377,Kristaps,Ozolins,1989-04-03,F,Daugavpils,Retail,2017-12-08,LV
100378,Elina,Abele,1974-07-14,F,Jurmala,Retail,2022-07-28,LV
100379,Liga,Sproge,1972-06-18,F,Ogre,Retail,2016-06-29,LV
100380,Andris,Ezerina,1972-08-14,F,Ventspils,Retail,2020-06-08,LV
100381,Liga,Abele,2000-01-07,F,Jelgava,Retail,2020-11-28,LV
100382,Elina,Upenieks,1990-07-13,M,Ogre,Retail,2016-02-08,LV
100383,Andris,Kreicbergs,1982-10-23,M,Daugavpils,Retail,2024-05-10,LV
100384,Janis,Jansons,1951-01-28,M,Cesis,Retail,2024-03-22,LV
100385,Anna,Vilsons,2006-10-13,M,Valmiera,Retail,2019-12-10,LV
100386,Aleksandrs,Upenieks,2004-08-01,F,Liepaja,Retail,2020-02-07,LV
100387,Andris,Ezerina,1972-06-10,M,Ventspils,Retail,2017-09-05,LV
100388,Laura,Berzins,1979-07-28,M,Riga,Retail,2017-12-17,LV
100389,Andris,Vilsons,1982-07-18,F,Ogre,Retail,2021-02-24,LV
100390,Marta,Abele,1983-12-24,M,Valmiera,Retail,2023-08-28,LV
100391,Ilze,Kalnina,1968-09-26,M,Riga,SME,2018-10-25,LV
100392,Marta,Krastins,1952-10-08,F,Ventspils,Retail,2017-01-24,LV
100393,Aleksandrs,Ozolins,1951-08-08,M,Jelgava,Retail,2018-06-02,LV
100394,Aleksandrs,Lacis,1985-05-14,M,Jelgava,Retail,2017-05-12,LV
100395,Anna,Liepa,1941-08-01,M,Jurmala,SME,2019-01-11,LV
100396,Aleksandrs,Vilsons,1974-07-11,M,Ventspils,Retail,2023-05-28,LV
100397,Karlis,Lacis,1947-11-22,M,Ventspils,Retail,2015-06-13,LV
100398,Andris,Lacis,1965-07-24,F,Riga,Retail,2021-02-20,LV
100399,Andris,Abele,1973-03-27,F,Valmiera,SME,2024-06-04,LV
100400,Janis,Ozolins,1946-08-05,F,Riga,Retail,2024-09-26,LV
100401,Kristaps,Eglitis,1997-10-18,F,Liepaja,Retail,2021-04-11,LV
100402,Aleksandrs,Jansons,1968-01-13,F,Jelgava,Retail,2022-12-14,LV
100403,Marta,Lacis,1975-10-19,F,Jelgava,Retail,2024-05-20,LV
100404,Aleksandrs,Kalejs,1960-11-01,M,Jurmala,Retail,2017-03-17,LV
100405,Liga,Ezerina,1975-02-21,F,Liepaja,Retail,2025-05-30,LV
100406,Janis,Kreicbergs,1949-07-05,F,Jelgava,Retail,2016-06-19,LV
100407,Karlis,Ozolins,1963-08-06,M,Riga,Retail,2016-02-13,LV
100408,Karlis,Kalnina,2003-01-09,M,Liepaja,Retail,2020-04-05,LV
100409,Maija,Sproge,1988-07-11,F,Riga,Corporate,2021-10-10,LV
100410,Andris,Kalnina,1975-04-15,M,Jelgava,Retail,2023-02-22,LV
100411,Karlis,Ozolins,1963-06-11,F,Jelgava,Retail,2023-12-11,LV
100412,Andris,Kalnina,1962-07-09,M,Valmiera,Retail,2021-12-27,LV
100413,Maija,Lacis,2001-07-09,F,Ogre,Retail,2021-12-19,LV
100414,Elina,Jansons,1976-02-16,M,Ogre,Retail,2024-10-12,LV
100415,Ilze,Kalnina,1951-01-24,M,Jurmala,Retail,2016-04-03,LV
100416,Roberts,Vilsons,1994-09-02,F,Riga,Retail,2017-02-17,LV
100417,Rihards,Kalejs,1952-06-08,F,Riga,Retail,2020-05-23,LV
100418,Karlis,Kalnina,1962-11-03,F,Daugavpils,Retail,2016-04-05,LV
100419,Kristaps,Kalejs,1969-11-02,F,Liepaja,Retail,2022-08-28,LV
100420,Liga,Krastins,1956-01-08,F,Cesis,Retail,2022-12-04,LV
100421,Dace,Abele,2001-04-27,M,Ogre,SME,2023-10-20,LV
100422,Elina,Berzins,1952-01-20,F,Jelgava,Retail,2020-11-10,LV
100423,Karlis,Jansons,1998-03-08,F,Jurmala,Corporate,2017-03-08,LV
100424,Andris,Ezerina,1958-03-16,M,Cesis,Retail,2024-05-18,LV
100425,Ilze,Lacis,1988-11-04,M,Ventspils,SME,2024-12-31,LV
100426,Maija,Berzins,1951-10-07,F,Jurmala,Retail,2018-02-04,LV
100427,Marta,Lacis,2000-08-23,M,Ventspils,Retail,2017-03-12,LV
100428,Rihards,Abele,1958-05-25,M,Ventspils,Retail,2022-05-12,LV
100429,Dace,Lacis,1948-06-06,F,Ventspils,Retail,2023-07-22,LV
100430,Ilze,Krastins,1967-10-20,M,Valmiera,Retail,2015-12-11,LV
100431,Ilze,Jansons,1991-12-23,M,Valmiera,Retail,2017-02-10,LV
100432,Karlis,Ozolins,1955-02-25,F,Valmiera,Retail,2023-10-25,LV
100433,Elina,Ozolins,1951-03-10,F,Cesis,Retail,2017-08-08,LV
100434,Laura,Kalejs,1964-02-19,M,Jurmala,Retail,2020-03-04,LV
100435,Dace,Abele,1991-01-10,M,Jurmala,Retail,2017-10-20,LV
100436,Rihards,Kalejs,1992-10-22,F,Jelgava,Retail,2017-10-03,LV
100437,Anna,Krastins,1962-07-13,M,Valmiera,Retail,2020-06-27,LV
100438,Roberts,Kreicbergs,1955-12-07,M,Jelgava,Retail,2018-11-02,LV
100439,Anna,Kalnina,1996-02-19,M,Liepaja,Retail,2020-11-20,LV
100440,Laura,Liepa,1978-12-27,F,Jelgava,Retail,2023-10-30,LV
100441,Andris,Kreicbergs,1992-11-08,M,Cesis,Retail,2019-11-01,LV
100442,Andris,Kalnina,1981-02-23,M,Ogre,Retail,2016-05-05,LV
100443,Liga,Jansons,1997-05-28,F,Ventspils,Retail,2019-04-07,LV
100444,Dace,Kalejs,1978-11-20,M,Valmiera,Retail,2018-05-04,LV
100445,Anna,Ezerina,1953-02-26,M,Ogre,Retail,2024-05-15,LV
100446,Andris,Jansons,1944-10-26,F,Jelgava,Retail,2019-09-02,LV
100447,Laura,Krastins,1974-01-12,F,Ventspils,Retail,2017-02-16,LV
100448,Karlis,Upenieks,1957-09-14,F,Jurmala,Retail,2020-02-25,LV
100449,Janis,Upenieks,1948-11-12,F,Riga,Retail,2025-06-14,LV
100450,Maija,Upenieks,1997-02-17,M,Ventspils,Retail,2024-01-28,LV
100451,Janis,Krastins,1956-11-11,M,Cesis,Retail,2016-08-03,LV
100452,Aleksandrs,Ezerina,1946-01-28,F,Cesis,Retail,2023-07-20,LV
100453,Rihards,Lacis,1985-07-27,F,Jelgava,Retail,2017-11-13,LV
100454,Anna,Jansons,1952-08-04,M,Liepaja,Retail,2025-01-25,LV
100455,Liga,Kalnina,1979-07-12,F,Cesis,Retail,2024-11-17,LV
100456,Aleksandrs,Krastins,1981-11-27,M,Cesis,SME,2017-08-16,LV
100457,Andris,Upenieks,1948-08-23,F,Jelgava,Retail,2017-11-29,LV
100458,Marta,Ezerina,1989-03-14,M,Ventspils,SME,2025-04-18,LV
100459,Kristaps,Abele,1966-03-24,F,Liepaja,Retail,2020-09-28,LV
100460,Marta,Krastins,2005-09-21,F,Ogre,Retail,2024-08-03,LV
100461,Laura,Sproge,1944-05-20,M,Riga,Retail,2015-09-13,LV
100462,Dace,Lacis,1968-09-25,F,Valmiera,Retail,2015-06-26,LV
100463,Ilze,Kalnina,1976-08-15,M,Jurmala,Retail,2016-05-19,LV
100464,Maija,Upenieks,1977-07-27,M,Cesis,Retail,2015-10-10,LV
100465,Anna,Eglitis,1947-12-19,M,Jelgava,Retail,2024-10-23,LV
100466,Rihards,Ozolins,2004-05-11,M,Valmiera,Corporate,2019-07-03,LV
100467,Liga,Ezerina,1956-04-27,M,Jurmala,Retail,2018-08-02,LV
100468,Liga,Ozolins,1984-02-09,F,Jurmala,Retail,2024-09-25,LV
100469,Rihards,Kreicbergs,1943-08-08,F,Ogre,Retail,2022-02-01,LV
100470,Laura,Ozolins,1975-08-19,M,Ogre,Retail,2015-07-08,LV
100471,Elina,Kalnina,1970-10-22,F,Ogre,Retail,2023-06-22,LV
100472,Andris,Vilsons,1958-07-11,M,Daugavpils,Retail,2024-04-13,LV
100473,Kristaps,Kalejs,2000-01-16,F,Daugavpils,SME,2019-12-05,LV
100474,Roberts,Kalnina,1993-06-06,F,Jurmala,Retail,2020-02-21,LV
100475,Roberts,Lacis,1978-08-07,F,Ogre,Retail,2023-03-20,LV
100476,Roberts,Sproge,1958-06-26,F,Cesis,Retail,2019-03-02,LV
100477,Anna,Kalnina,1978-05-11,M,Valmiera,Retail,2021-11-28,LV
100478,Roberts,Krastins,2006-05-20,M,Valmiera,Retail,2020-01-23,LV
100479,Karlis,Ezerina,1984-12-09,F,Daugavpils,Retail,2022-09-19,LV
100480,Janis,Liepa,1952-09-01,F,Jurmala,Retail,2016-03-29,LV
100481,Liga,Ezerina,1997-09-07,M,Jelgava,Retail,2016-01-08,LV
100482,Kristaps,Kalejs,1959-02-08,F,Ventspils,Retail,2017-09-09,LV
100483,Janis,Eglitis,2000-12-14,M,Ventspils,Retail,2022-06-24,LV
100484,Ilze,Ozolins,1978-08-18,M,Daugavpils,Retail,2022-01-26,LV
100485,Kristaps,Kalejs,1940-04-23,M,Jelgava,Retail,2023-03-29,LV
100486,Janis,Ozolins,1942-08-21,F,Daugavpils,Retail,2022-11-25,LV
100487,Kristaps,Kreicbergs,2001-12-16,M,Ventspils,Retail,2018-06-21,LV
100488,Ilze,Kalejs,2002-08-26,F,Jelgava,Retail,2020-10-14,LV
100489,Aleksandrs,Upenieks,1964-01-03,M,Ogre,Retail,2025-04-27,LV
100490,Karlis,Lacis,1995-05-08,F,Jurmala,Retail,2017-06-11,LV
100491,Anna,Lacis,1972-07-23,F,Valmiera,Retail,2020-04-26,LV
100492,Anna,Ozolins,1977-04-10,F,Liepaja,Retail,2020-06-07,LV
100493,Laura,Eglitis,1945-11-19,M,Jurmala,Retail,2020-11-16,LV
100494,Rihards,Upenieks,1997-06-16,M,Ogre,Retail,2021-10-13,LV
100495,Andris,Berzins,1983-09-17,F,Ventspils,Retail,2017-03-23,LV
100496,Liga,Jansons,1984-06-14,F,Ogre,Retail,2021-04-21,LV
100497,Roberts,Jansons,1971-12-18,F,Daugavpils,SME,2023-10-05,LV
100498,Karlis,Eglitis,1984-06-12,M,Jelgava,Retail,2024-07-21,LV
100499,Marta,Liepa,2000-12-15,M,Valmiera,Retail,2016-10-21,LV
100500,Roberts,Berzins,1986-05-10,M,Cesis,Retail,2020-06-05,LV
100501,Andris,Kreicbergs,1960-05-08,M,Daugavpils,Retail,2019-02-11,LV
100502,Liga,Eglitis,1975-02-24,F,Jurmala,SME,2022-12-08,LV
100503,Dace,Upenieks,1958-04-11,F,Daugavpils,Retail,2017-01-31,LV
100504,Andris,Jansons,1959-02-24,M,Jurmala,SME,2019-07-21,LV
100505,Karlis,Krastins,1996-09-25,M,Cesis,SME,2022-08-25,LV
100506,Janis,Jansons,1957-12-06,F,Riga,SME,2019-03-21,LV
100507,Kristaps,Jansons,1986-04-07,M,Valmiera,Retail,2017-05-25,LV
100508,Rihards,Upenieks,1988-12-16,M,Liepaja,Retail,2016-08-24,LV
100509,Rihards,Abele,1953-05-24,M,Ogre,Retail,2015-11-11,LV
100510,Marta,Eglitis,1954-10-25,M,Riga,Retail,2019-12-09,LV
100511,Karlis,Kalnina,1970-09-20,M,Daugavpils,Retail,2021-07-15,LV
100512,Ilze,Ezerina,1940-05-04,M,Ogre,Retail,2025-06-20,LV
100513,Dace,Kreicbergs,1993-04-10,F,Riga,Retail,2022-02-11,LV
100514,Ilze,Jansons,1942-04-12,M,Jelgava,Retail,2019-03-23,LV
100515,Anna,Ezerina,1955-03-10,M,Jelgava,Retail,2017-09-19,LV
100516,Laura,Lacis,1996-01-23,F,Ogre,Retail,2020-07-27,LV
100517,Anna,Krastins,1951-09-05,F,Jurmala,Retail,2024-10-29,LV
100518,Andris,Ozolins,1955-05-02,F,Jurmala,Retail,2020-04-27,LV
100519,Roberts,Eglitis,1963-01-18,M,Daugavpils,Retail,2018-03-25,LV
100520,Janis,Sproge,1967-05-23,F,Riga,Retail,2017-09-17,LV
100521,Marta,Upenieks,1947-03-21,M,Riga,Retail,2023-06-24,LV
100522,Andris,Abele,1975-08-04,M,Ogre,SME,2023-10-04,LV
100523,Maija,Lacis,1947-01-19,M,Ventspils,Retail,2022-12-10,LV
100524,Dace,Eglitis,1997-05-16,F,Jelgava,Retail,2023-06-27,LV
100525,Rihards,Kreicbergs,1999-08-15,F,Riga,Retail,2020-04-01,LV
100526,Dace,Krastins,1989-06-06,F,Ogre,Retail,2023-06-18,LV
100527,Andris,Abele,1967-01-09,F,Cesis,Retail,2015-05-25,LV
100528,Andris,Kreicbergs,1980-08-04,F,Liepaja,Retail,2016-07-13,LV
100529,Karlis,Lacis,2003-02-13,M,Cesis,Retail,2021-09-09,LV
100530,Roberts,Eglitis,1966-08-03,M,Valmiera,Retail,2023-08-07,LV
100531,Anna,Kalnina,2002-10-21,M,Daugavpils,Retail,2022-10-12,LV
100532,Rihards,Lacis,1956-11-02,M,Riga,Retail,2019-02-04,LV
100533,Laura,Sproge,1972-03-05,F,Valmiera,Corporate,2018-08-29,LV
100534,Roberts,Kreicbergs,1968-10-10,F,Valmiera,SME,2024-12-03,LV
100535,Kristaps,Abele,1952-02-08,M,Ogre,Retail,2021-01-01,LV
100536,Karlis,Abele,1985-02-18,F,Riga,Retail,2015-10-30,LV
100537,Karlis,Ezerina,1974-07-20,F,Liepaja,Retail,2015-11-11,LV
100538,Marta,Kreicbergs,1945-10-26,M,Ogre,Retail,2019-10-15,LV
100539,Janis,Vilsons,1986-10-08,M,Ogre,Retail,2023-06-03,LV
100540,Laura,Eglitis,1964-09-13,F,Daugavpils,SME,2025-03-01,LV
100541,Liga,Vilsons,2005-08-15,F,Daugavpils,Retail,2023-01-03,LV
100542,Aleksandrs,Liepa,1949-05-28,M,Jelgava,Retail,2019-11-11,LV
100543,Liga,Eglitis,1995-10-14,M,Jelgava,Retail,2024-02-17,LV
100544,Andris,Kreicbergs,1969-05-19,M,Jurmala,Corporate,2015-02-20,LV
100545,Elina,Berzins,1944-10-02,F,Ventspils,Retail,2016-10-29,LV
100546,Rihards,Krastins,1972-10-24,M,Riga,Retail,2022-05-01,LV
100547,Elina,Kreicbergs,2004-02-25,M,Riga,Retail,2017-04-12,LV
100548,Karlis,Vilsons,1957-04-21,F,Valmiera,Retail,2019-07-02,LV
100549,Roberts,Kalnina,1988-04-09,F,Riga,Retail,2021-03-22,LV
100550,Kristaps,Krastins,1950-11-03,F,Riga,SME,2021-11-10,LV
100551,Marta,Kreicbergs,1965-03-08,F,Ventspils,Retail,2021-03-23,LV
100552,Maija,Kreicbergs,2002-03-18,F,Jelgava,Retail,2015-10-09,LV
100553,Elina,Kalnina,1998-02-06,M,Jelgava,Retail,2021-10-25,LV
100554,Marta,Kreicbergs,1966-01-14,M,Liepaja,Retail,2015-11-14,LV
100555,Karlis,Krastins,1988-08-23,F,Riga,Retail,2024-09-13,LV
100556,Janis,Jansons,1972-10-16,F,Ventspils,Retail,2024-07-23,LV
100557,Ilze,Berzins,1940-05-02,F,Jelgava,Retail,2018-04-24,LV
100558,Liga,Ozolins,1960-04-10,F,Ventspils,Retail,2021-03-02,LV
100559,Kristaps,Berzins,1994-12-10,F,Cesis,Retail,2024-05-30,LV
100560,Rihards,Upenieks,1945-12-28,M,Riga,Retail,2019-11-29,LV
100561,Anna,Sproge,1944-08-03,M,Liepaja,SME,2016-04-01,LV
100562,Andris,Ezerina,1942-11-08,M,Valmiera,Retail,2021-07-28,LV
100563,Marta,Kreicbergs,1992-05-26,M,Jelgava,Retail,2023-07-31,LV
100564,Janis,Jansons,1962-11-19,F,Cesis,Retail,2022-08-30,LV
100565,Maija,Eglitis,1992-11-26,M,Ventspils,Retail,2024-05-09,LV
100566,Aleksandrs,Kreicbergs,1976-04-14,F,Daugavpils,Retail,2019-10-05,LV
100567,Liga,Vilsons,1956-02-18,F,Ogre,Retail,2025-05-24,LV
100568,Anna,Lacis,1940-04-21,F,Riga,Retail,2017-01-08,LV
100569,Rihards,Jansons,1990-03-09,M,Riga,Retail,2017-03-10,LV
100570,Liga,Kalnina,1984-03-03,F,Cesis,Retail,2016-08-23,LV
100571,Karlis,Jansons,1943-01-06,M,Ventspils,Retail,2021-09-13,LV
100572,Aleksandrs,Upenieks,2001-05-20,M,Jurmala,Corporate,2021-05-07,LV
100573,Liga,Kalnina,2004-12-27,F,Riga,Retail,2020-10-08,LV
100574,Laura,Liepa,1971-10-10,F,Jurmala,Retail,2024-06-28,LV
100575,Maija,Ozolins,1973-08-04,F,Daugavpils,SME,2021-03-21,LV
100576,Janis,Kalejs,1978-08-23,M,Cesis,SME,2017-06-15,LV
100577,Andris,Krastins,1965-05-23,F,Ventspils,Retail,2018-05-21,LV
100578,Elina,Jansons,1973-07-09,M,Ventspils,Retail,2025-04-01,LV
100579,Aleksandrs,Krastins,1993-09-18,F,Ogre,Retail,2023-08-30,LV
100580,Rihards,Abele,1942-08-15,F,Jelgava,Retail,2021-10-30,LV
100581,Karlis,Vilsons,1989-02-20,M,Jelgava,Retail,2023-07-05,LV
100582,Laura,Kreicbergs,1951-01-14,M,Valmiera,Retail,2015-09-08,LV
100583,Anna,Vilsons,2004-12-11,M,Liepaja,Retail,2015-10-09,LV
100584,Roberts,Krastins,1993-10-09,M,Cesis,Retail,2015-08-30,LV
100585,Dace,Berzins,1944-01-03,M,Daugavpils,Retail,2017-05-01,LV
100586,Marta,Kalejs,1996-04-22,M,Ventspils,Retail,2020-08-31,LV
100587,Andris,Berzins,1956-10-19,F,Ogre,Retail,2023-01-22,LV
100588,Liga,Liepa,1986-01-25,F,Jurmala,Retail,2023-11-02,LV
100589,Elina,Kalejs,1962-11-27,M,Cesis,Retail,2022-10-10,LV
100590,Aleksandrs,Kalejs,1953-05-19,F,Valmiera,Corporate,2017-07-14,LV
100591,Liga,Berzins,2005-01-25,M,Cesis,Retail,2025-04-25,LV
100592,Ilze,Kalnina,1990-03-16,F,Valmiera,Retail,2023-10-09,LV
100593,Marta,Upenieks,1977-09-21,F,Ventspils,Retail,2017-05-18,LV
100594,Roberts,Krastins,2003-08-09,M,Liepaja,Retail,2020-07-30,LV
100595,Laura,Berzins,1977-03-19,M,Valmiera,SME,2025-06-06,LV
100596,Rihards,Vilsons,1989-07-21,M,Ventspils,Retail,2020-06-02,LV
100597,Maija,Kalnina,1969-08-03,F,Ventspils,Retail,2017-10-06,LV
100598,Laura,Vilsons,1990-08-12,M,Liepaja,Retail,2021-09-07,LV
100599,Laura,Upenieks,2002-07-11,F,Jelgava,Retail,2025-06-27,LV
100600,Dace,Liepa,1991-06-22,M,Cesis,Retail,2020-02-03,LV
100601,Janis,Kreicbergs,1977-02-28,F,Riga,Retail,2025-02-06,LV
100602,Laura,Upenieks,1969-03-11,F,Riga,Retail,2020-09-21,LV
100603,Liga,Sproge,1990-07-23,M,Jurmala,Retail,2023-08-19,LV
100604,Roberts,Eglitis,1944-08-10,F,Jurmala,Retail,2023-09-03,LV
100605,Roberts,Kalnina,1968-11-13,F,Riga,SME,2024-01-21,LV
100606,Maija,Liepa,1943-09-02,M,Daugavpils,Retail,2023-05-02,LV
100607,Kristaps,Sproge,1949-08-03,F,Riga,Retail,2024-07-29,LV
100608,Maija,Abele,1995-06-09,M,Jurmala,Retail,2020-02-06,LV
100609,Liga,Liepa,1956-06-04,M,Ogre,SME,2023-01-29,LV
100610,Rihards,Berzins,1956-07-28,M,Jurmala,Retail,2015-04-14,LV
100611,Kristaps,Ezerina,1973-09-27,M,Daugavpils,Retail,2021-04-07,LV
100612,Kristaps,Berzins,1945-01-22,F,Cesis,Retail,2020-08-20,LV
100613,Elina,Upenieks,1992-09-15,F,Riga,Retail,2016-11-12,LV
100614,Elina,Eglitis,2005-07-02,F,Liepaja,Retail,2022-02-01,LV
100615,Anna,Liepa,1982-04-17,M,Ogre,Retail,2024-12-05,LV
100616,Aleksandrs,Krastins,1962-06-20,F,Ventspils,Retail,2020-03-26,LV
100617,Aleksandrs,Ozolins,1994-08-21,F,Daugavpils,Retail,2015-06-15,LV
100618,Karlis,Kreicbergs,1955-08-25,M,Jurmala,Retail,2025-02-26,LV
100619,Andris,Upenieks,1947-01-07,M,Liepaja,Retail,2023-01-28,LV
100620,Janis,Berzins,1943-05-18,F,Valmiera,Retail,2019-07-08,LV
100621,Aleksandrs,Eglitis,1943-03-10,M,Jelgava,Retail,2024-11-03,LV
100622,Elina,Kreicbergs,1995-08-23,M,Riga,Retail,2024-10-29,LV
100623,Anna,Liepa,1964-08-04,M,Jelgava,Retail,2018-11-14,LV
100624,Laura,Krastins,2006-01-21,M,Daugavpils,Retail,2015-11-16,LV
100625,Anna,Liepa,2006-10-26,F,Valmiera,Retail,2024-12-04,LV
100626,Laura,Kalejs,1966-04-23,M,Valmiera,Retail,2023-03-05,LV
100627,Rihards,Eglitis,1971-03-10,M,Valmiera,Retail,2017-11-25,LV
100628,Rihards,Sproge,1989-09-01,M,Ventspils,Retail,2023-12-02,LV
100629,Kristaps,Berzins,2000-09-14,M,Daugavpils,Retail,2021-06-20,LV
100630,Karlis,Krastins,1990-02-08,M,Cesis,Retail,2017-07-07,LV
100631,Andris,Ozolins,1958-02-15,M,Jelgava,Retail,2019-02-13,LV
100632,Maija,Liepa,1960-02-21,M,Cesis,Retail,2015-07-16,LV
100633,Janis,Ozolins,1944-03-16,M,Liepaja,Retail,2024-09-27,LV
100634,Liga,Liepa,1981-12-10,F,Ogre,Retail,2016-11-13,LV
100635,Kristaps,Berzins,2000-09-23,M,Ogre,Retail,2018-03-31,LV
100636,Maija,Kreicbergs,1961-05-14,F,Cesis,SME,2015-04-28,LV
100637,Aleksandrs,Jansons,1960-08-16,M,Riga,SME,2022-07-03,LV
100638,Karlis,Kreicbergs,1940-04-15,M,Liepaja,Retail,2020-05-03,LV
100639,Kristaps,Liepa,1944-09-05,M,Daugavpils,Retail,2022-02-15,LV
100640,Marta,Vilsons,1951-07-07,M,Jurmala,Retail,2017-07-29,LV
100641,Aleksandrs,Ezerina,1985-10-17,F,Ogre,Retail,2022-01-10,LV
100642,Maija,Lacis,1973-12-05,M,Jurmala,Retail,2018-06-20,LV
100643,Janis,Jansons,1988-02-09,M,Liepaja,Retail,2021-12-24,LV
100644,Liga,Sproge,1984-07-11,F,Jelgava,Retail,2023-07-16,LV
100645,Maija,Jansons,1966-09-09,F,Ogre,Retail,2025-05-27,LV
100646,Laura,Ezerina,1965-01-10,M,Riga,Retail,2023-01-09,LV
100647,Rihards,Ozolins,1986-12-10,F,Riga,Retail,2016-01-23,LV
100648,Kristaps,Eglitis,1995-10-19,F,Valmiera,Retail,2017-05-08,LV
100649,Kristaps,Ozolins,2002-11-16,F,Ventspils,Retail,2023-10-28,LV
100650,Liga,Upenieks,1987-03-15,M,Liepaja,Retail,2018-07-12,LV
100651,Roberts,Ozolins,2000-09-16,M,Ogre,Retail,2024-07-17,LV
100652,Janis,Sproge,1965-06-11,M,Ventspils,Retail,2020-07-12,LV
100653,Ilze,Vilsons,1975-09-25,F,Liepaja,Corporate,2023-02-20,LV
100654,Aleksandrs,Kreicbergs,1940-09-13,M,Cesis,Retail,2023-12-10,LV
100655,Anna,Kreicbergs,1947-08-11,F,Daugavpils,Corporate,2021-05-30,LV
100656,Liga,Lacis,1991-04-23,M,Daugavpils,Corporate,2020-05-03,LV
100657,Janis,Abele,1986-04-19,M,Valmiera,Retail,2017-12-12,LV
100658,Anna,Liepa,1995-07-08,F,Valmiera,Retail,2022-10-27,LV
100659,Janis,Vilsons,1953-07-02,M,Daugavpils,Retail,2024-01-26,LV
100660,Janis,Abele,1967-06-24,F,Jelgava,SME,2020-10-28,LV
100661,Maija,Ezerina,1941-08-23,F,Ogre,Retail,2024-04-17,LV
100662,Andris,Upenieks,1965-07-13,M,Daugavpils,Retail,2021-01-10,LV
100663,Laura,Berzins,1953-11-26,F,Jelgava,Retail,2019-07-01,LV
100664,Janis,Ezerina,1998-11-05,M,Ventspils,Retail,2025-05-18,LV
100665,Andris,Liepa,1995-08-02,M,Jelgava,Retail,2023-03-28,LV
100666,Roberts,Liepa,1946-03-17,F,Ventspils,Retail,2018-04-09,LV
100667,Ilze,Kalejs,1942-10-11,M,Liepaja,Retail,2019-03-12,LV
100668,Kristaps,Kalejs,1962-02-28,F,Jurmala,SME,2019-09-30,LV
100669,Dace,Kalnina,1957-08-04,M,Liepaja,Retail,2024-06-29,LV
100670,Anna,Ezerina,1977-09-15,M,Daugavpils,SME,2020-01-29,LV
100671,Kristaps,Kalnina,1954-01-24,M,Ventspils,Retail,2018-10-29,LV
100672,Dace,Ozolins,2003-03-14,M,Daugavpils,Retail,2020-01-24,LV
100673,Ilze,Berzins,1967-11-05,M,Ogre,Retail,2019-12-01,LV
100674,Laura,Jansons,1978-02-16,F,Riga,Retail,2018-07-11,LV
100675,Ilze,Lacis,1996-05-11,F,Daugavpils,Retail,2023-04-27,LV
100676,Anna,Jansons,1956-10-23,F,Ogre,Retail,2020-05-24,LV
100677,Rihards,Lacis,1983-07-21,F,Jelgava,Retail,2023-03-01,LV
100678,Anna,Kalejs,1964-02-28,F,Liepaja,SME,2020-12-07,LV
100679,Ilze,Kalejs,1956-06-28,F,Jelgava,Corporate,2024-07-14,LV
100680,Dace,Kalejs,1952-11-28,M,Riga,Retail,2019-08-27,LV
100681,Liga,Vilsons,1964-09-13,M,Ventspils,Retail,2019-11-24,LV
100682,Janis,Eglitis,1949-06-21,F,Ogre,Retail,2017-01-27,LV
100683,Aleksandrs,Lacis,2006-12-25,F,Jurmala,Retail,2024-10-03,LV
100684,Karlis,Ezerina,1957-08-28,M,Daugavpils,SME,2024-03-29,LV
100685,Andris,Kalnina,1973-09-02,M,Ventspils,Retail,2021-06-17,LV
100686,Marta,Vilsons,1947-10-03,M,Jurmala,Retail,2021-09-17,LV
100687,Karlis,Kreicbergs,1979-04-21,F,Cesis,Corporate,2020-11-14,LV
100688,Kristaps,Jansons,1981-11-10,F,Daugavpils,Retail,2017-06-29,LV
100689,Maija,Upenieks,1980-04-24,F,Jelgava,Retail,2019-12-10,LV
100690,Kristaps,Sproge,1945-02-14,M,Liepaja,Retail,2015-09-19,LV
100691,Maija,Liepa,1991-02-25,M,Ogre,Retail,2019-11-23,LV
100692,Dace,Kalnina,1965-11-23,F,Riga,Retail,2016-05-06,LV
100693,Rihards,Abele,2003-02-15,F,Riga,Retail,2020-11-22,LV
100694,Maija,Krastins,1998-03-23,M,Jelgava,Retail,2022-07-11,LV
100695,Anna,Kreicbergs,1995-05-01,M,Valmiera,Retail,2019-05-13,LV
100696,Liga,Ezerina,1998-01-11,M,Riga,Retail,2023-02-24,LV
100697,Aleksandrs,Upenieks,1972-01-10,M,Ogre,Retail,2018-08-22,LV
100698,Aleksandrs,Kalnina,1992-06-12,F,Jelgava,Retail,2018-06-09,LV
100699,Anna,Sproge,1961-07-05,M,Ventspils,Retail,2024-02-29,LV
100700,Liga,Vilsons,1960-04-17,M,Riga,Retail,2019-08-12,LV
100701,Laura,Ezerina,1943-07-19,M,Jelgava,Retail,2024-07-24,LV
100702,Roberts,Berzins,2001-11-26,F,Ogre,Retail,2019-08-15,LV
100703,Laura,Liepa,2001-03-06,F,Daugavpils,Retail,2017-05-02,LV
100704,Rihards,Kalnina,1963-03-03,M,Daugavpils,Retail,2016-11-09,LV
100705,Karlis,Eglitis,1994-10-28,M,Riga,Retail,2025-06-22,LV
100706,Rihards,Kalejs,1948-07-20,M,Liepaja,Retail,2024-12-25,LV
100707,Dace,Kalejs,1942-11-08,F,Daugavpils,Retail,2019-01-26,LV
100708,Karlis,Liepa,1970-08-19,F,Liepaja,Retail,2019-02-15,LV
100709,Roberts,Sproge,1979-03-08,F,Ventspils,Retail,2015-11-12,LV
100710,Roberts,Lacis,1975-08-21,M,Jelgava,Retail,2024-01-13,LV
100711,Kristaps,Upenieks,1963-05-15,F,Jurmala,Retail,2018-11-03,LV
100712,Ilze,Vilsons,1945-05-22,M,Ogre,Retail,2018-12-17,LV
100713,Kristaps,Kalejs,2005-01-26,M,Jelgava,SME,2015-11-23,LV
100714,Ilze,Kalnina,1943-08-10,M,Ogre,Retail,2016-09-14,LV
100715,Rihards,Abele,1945-11-18,F,Ventspils,Retail,2022-01-12,LV
100716,Marta,Jansons,1990-03-03,M,Cesis,Retail,2020-08-14,LV
100717,Rihards,Lacis,2001-08-12,F,Riga,Retail,2023-01-14,LV
100718,Maija,Jansons,1996-10-10,F,Ogre,Retail,2016-09-16,LV
100719,Liga,Kreicbergs,2005-11-14,M,Ogre,Retail,2017-05-04,LV
100720,Ilze,Upenieks,1947-12-09,M,Liepaja,Retail,2015-02-02,LV
100721,Laura,Ozolins,1965-08-28,F,Jelgava,Retail,2024-05-12,LV
100722,Karlis,Lacis,1990-05-07,M,Cesis,Retail,2017-09-08,LV
100723,Anna,Berzins,1984-07-28,F,Valmiera,Retail,2021-12-03,LV
100724,Kristaps,Liepa,1983-08-04,M,Riga,Retail,2023-02-03,LV
100725,Liga,Kreicbergs,1944-04-13,F,Jurmala,Retail,2023-02-14,LV
100726,Dace,Ozolins,1965-10-12,F,Valmiera,SME,2018-05-24,LV
100727,Liga,Vilsons,1958-10-10,F,Jelgava,Retail,2019-11-20,LV
100728,Andris,Lacis,1959-12-10,F,Riga,SME,2020-06-18,LV
100729,Maija,Eglitis,1951-01-27,M,Ogre,Retail,2019-11-09,LV
100730,Andris,Eglitis,1986-11-13,M,Jurmala,Retail,2016-01-03,LV
100731,Marta,Berzins,1940-05-01,F,Liepaja,Retail,2016-07-09,LV
100732,Ilze,Upenieks,1953-10-28,F,Cesis,Retail,2024-10-07,LV
100733,Marta,Kalejs,2003-11-25,M,Liepaja,Retail,2018-12-13,LV
100734,Dace,Ezerina,1977-12-02,M,Ventspils,Retail,2024-02-08,LV
100735,Laura,Kalnina,1976-10-24,M,Riga,Retail,2015-08-20,LV
100736,Roberts,Kreicbergs,1950-08-27,M,Liepaja,SME,2017-12-23,LV
100737,Andris,Krastins,1942-05-25,M,Valmiera,Retail,2022-02-09,LV
100738,Aleksandrs,Lacis,1972-04-20,M,Liepaja,Retail,2017-12-28,LV
100739,Andris,Kreicbergs,1945-06-08,F,Daugavpils,Retail,2015-08-14,LV
100740,Dace,Lacis,1989-11-07,M,Ventspils,Retail,2021-10-02,LV
100741,Elina,Liepa,1949-10-09,M,Jelgava,Retail,2023-06-06,LV
100742,Dace,Lacis,1944-11-25,F,Cesis,Retail,2018-03-03,LV
100743,Marta,Liepa,1962-12-25,M,Ventspils,SME,2019-12-04,LV
100744,Liga,Lacis,1949-11-22,M,Daugavpils,Retail,2015-08-21,LV
100745,Anna,Eglitis,1983-03-21,M,Riga,Retail,2015-02-27,LV
100746,Kristaps,Eglitis,1941-02-21,M,Valmiera,Retail,2020-01-29,LV
100747,Anna,Upenieks,1952-11-02,M,Cesis,SME,2024-08-30,LV
100748,Marta,Sproge,1979-05-26,F,Cesis,Retail,2025-04-03,LV
100749,Kristaps,Abele,1941-08-02,M,Ventspils,Retail,2016-10-28,LV
100750,Elina,Abele,2004-10-12,F,Riga,Retail,2020-09-12,LV
100751,Aleksandrs,Sproge,2002-12-05,F,Ogre,Retail,2019-11-04,LV
100752,Maija,Kalejs,1956-02-10,M,Daugavpils,Retail,2022-09-24,LV
100753,Karlis,Abele,1948-06-24,F,Ogre,Retail,2024-03-29,LV
100754,Marta,Upenieks,1954-07-06,M,Valmiera,Retail,2023-12-03,LV
100755,Liga,Krastins,1963-04-05,F,Riga,Retail,2023-05-28,LV
100756,Ilze,Krastins,1977-09-12,F,Riga,Retail,2017-04-13,LV
100757,Marta,Kalnina,1974-09-17,M,Daugavpils,Retail,2023-07-31,LV
100758,Marta,Kalnina,1988-05-27,M,Jurmala,Retail,2022-12-18,LV
100759,Andris,Krastins,2001-03-09,M,Ogre,Retail,2019-08-23,LV
100760,Andris,Kreicbergs,1999-08-26,M,Liepaja,Retail,2018-04-13,LV
100761,Kristaps,Ezerina,1989-05-24,M,Cesis,Retail,2016-11-30,LV
100762,Rihards,Jansons,1948-06-26,F,Jurmala,Retail,2020-08-16,LV
100763,Rihards,Sproge,1973-02-15,F,Liepaja,Retail,2017-10-06,LV
100764,Janis,Kalnina,1974-02-05,F,Daugavpils,SME,2022-10-22,LV
100765,Dace,Ezerina,1940-04-28,F,Cesis,Retail,2019-05-18,LV
100766,Liga,Ezerina,1979-11-24,F,Jelgava,Retail,2018-03-03,LV
100767,Janis,Ozolins,2003-11-13,F,Liepaja,Retail,2015-03-29,LV
100768,Laura,Eglitis,1961-09-12,F,Jurmala,Retail,2020-09-25,LV
100769,Elina,Liepa,1999-02-26,M,Liepaja,Retail,2020-01-08,LV
100770,Rihards,Upenieks,2003-07-01,M,Liepaja,Retail,2024-08-29,LV
100771,Ilze,Krastins,1950-05-18,F,Daugavpils,Retail,2018-04-15,LV
100772,Andris,Abele,1953-02-15,F,Ogre,Retail,2017-12-26,LV
100773,Aleksandrs,Sproge,1999-06-22,M,Jelgava,Retail,2025-05-24,LV
100774,Roberts,Kreicbergs,1969-12-22,M,Daugavpils,Retail,2021-11-24,LV
100775,Elina,Krastins,1974-05-19,M,Valmiera,Retail,2022-04-11,LV
100776,Roberts,Berzins,1976-07-27,M,Daugavpils,Retail,2023-10-07,LV
100777,Liga,Liepa,1944-11-12,F,Cesis,SME,2020-07-30,LV
100778,Liga,Ozolins,1965-02-22,M,Jelgava,SME,2016-06-22,LV
100779,Laura,Ezerina,2001-04-16,F,Riga,Retail,2021-10-26,LV
100780,Roberts,Abele,1943-01-20,F,Valmiera,Retail,2016-08-15,LV
100781,Liga,Ozolins,1981-09-11,F,Ventspils,Retail,2018-02-22,LV
100782,Aleksandrs,Eglitis,1957-10-08,M,Daugavpils,Retail,2017-05-23,LV
100783,Anna,Krastins,1979-11-03,M,Liepaja,Retail,2023-02-14,LV
100784,Janis,Lacis,1978-11-27,F,Ogre,Retail,2020-07-03,LV
100785,Marta,Eglitis,1953-08-23,F,Riga,Retail,2019-03-22,LV
100786,Maija,Upenieks,1971-05-21,F,Daugavpils,Retail,2015-02-12,LV
100787,Roberts,Ezerina,1990-07-04,M,Daugavpils,Retail,2019-06-09,LV
100788,Ilze,Kalejs,1977-03-02,F,Jurmala,Retail,2021-07-11,LV
100789,Elina,Kreicbergs,1962-01-10,M,Jurmala,Retail,2019-01-03,LV
100790,Anna,Ezerina,2002-08-04,F,Riga,Retail,2022-08-07,LV
100791,Roberts,Liepa,1954-02-08,F,Jurmala,Corporate,2019-07-18,LV
100792,Anna,Vilsons,1964-09-05,F,Liepaja,Retail,2020-08-10,LV
100793,Rihards,Vilsons,1956-07-15,M,Valmiera,Retail,2020-02-20,LV
100794,Anna,Liepa,2005-06-22,M,Ventspils,SME,2024-11-28,LV
100795,Roberts,Berzins,1992-12-23,F,Jelgava,Corporate,2024-09-29,LV
100796,Kristaps,Upenieks,1990-09-14,M,Ventspils,Retail,2015-03-13,LV
100797,Dace,Kreicbergs,1978-10-24,F,Ventspils,Retail,2019-06-14,LV
100798,Ilze,Ozolins,1990-12-05,M,Jelgava,Retail,2021-02-12,LV
100799,Marta,Berzins,1945-07-21,M,Jurmala,Retail,2019-01-08,LV
100800,Marta,Jansons,2006-02-27,M,Riga,Retail,2016-01-22,LV
100801,Ilze,Liepa,1946-08-20,F,Jelgava,Retail,2017-01-04,LV
100802,Kristaps,Ozolins,1990-07-09,M,Cesis,Retail,2022-12-01,LV
100803,Andris,Vilsons,1981-01-23,M,Valmiera,Retail,2020-03-21,LV
100804,Liga,Kalnina,2003-06-07,F,Ogre,Retail,2017-09-19,LV
100805,Marta,Sproge,1954-08-15,F,Jurmala,Retail,2021-11-24,LV
100806,Andris,Kalejs,1968-04-28,F,Jelgava,Retail,2023-07-20,LV
100807,Anna,Vilsons,1972-06-04,F,Cesis,Retail,2020-04-16,LV
100808,Aleksandrs,Kreicbergs,1966-11-12,M,Ogre,Retail,2016-12-30,LV
100809,Elina,Lacis,1975-09-21,M,Valmiera,Retail,2020-01-08,LV
100810,Rihards,Eglitis,1968-06-02,M,Valmiera,Retail,2021-04-02,LV
100811,Janis,Sproge,1977-07-09,M,Jurmala,SME,2025-06-16,LV
100812,Marta,Sproge,1996-04-04,M,Jelgava,Retail,2018-10-04,LV
100813,Ilze,Kalnina,1966-08-03,F,Riga,Retail,2018-09-23,LV
100814,Aleksandrs,Kalejs,1994-11-07,M,Valmiera,Retail,2017-04-09,LV
100815,Roberts,Krastins,1972-11-21,M,Riga,Retail,2023-02-19,LV
100816,Laura,Kalejs,2005-10-01,M,Riga,Retail,2017-08-09,LV
100817,Dace,Jansons,1949-01-26,F,Jurmala,Retail,2022-09-28,LV
100818,Ilze,Jansons,1944-06-08,F,Ogre,Retail,2025-04-21,LV
100819,Liga,Abele,1977-03-26,M,Daugavpils,Retail,2021-05-10,LV
100820,Laura,Vilsons,1952-10-07,F,Ventspils,Retail,2022-01-27,LV
100821,Laura,Vilsons,1970-02-27,F,Ventspils,Retail,2024-05-05,LV
100822,Anna,Vilsons,1986-09-07,F,Valmiera,Retail,2023-01-04,LV
100823,Dace,Abele,1991-10-07,F,Daugavpils,SME,2024-02-23,LV
100824,Elina,Upenieks,1995-04-11,F,Ogre,Retail,2018-09-19,LV
100825,Elina,Berzins,1954-03-26,F,Daugavpils,Retail,2019-03-18,LV
100826,Kristaps,Lacis,1968-10-01,F,Jurmala,Retail,2025-02-19,LV
100827,Andris,Lacis,1947-05-28,M,Valmiera,Retail,2016-05-23,LV
100828,Maija,Kalejs,1944-03-05,M,Riga,Retail,2023-12-10,LV
100829,Laura,Kalnina,1968-09-09,F,Valmiera,Retail,2022-08-07,LV
100830,Kristaps,Kreicbergs,1986-03-04,M,Ventspils,Retail,2023-12-26,LV
100831,Liga,Kalejs,1984-11-28,M,Ogre,Retail,2021-02-26,LV
100832,Andris,Jansons,1941-01-05,F,Daugavpils,Retail,2016-04-30,LV
100833,Rihards,Sproge,1966-01-12,M,Ogre,Retail,2024-08-06,LV
100834,Laura,Ozolins,1975-04-19,F,Jurmala,Retail,2016-11-28,LV
100835,Aleksandrs,Ezerina,1975-06-01,F,Valmiera,Retail,2016-01-19,LV
100836,Dace,Eglitis,1965-03-09,F,Jelgava,Retail,2024-04-25,LV
100837,Maija,Abele,1982-01-05,M,Valmiera,Retail,2023-08-07,LV
100838,Roberts,Liepa,1966-12-14,M,Riga,Retail,2018-06-10,LV
100839,Anna,Ozolins,1959-09-04,M,Valmiera,Retail,2024-09-28,LV
100840,Dace,Kreicbergs,1950-12-03,M,Cesis,Retail,2024-02-17,LV
100841,Kristaps,Vilsons,1977-08-15,F,Jurmala,Retail,2017-07-20,LV
100842,Janis,Jansons,1945-06-17,F,Liepaja,SME,2017-10-19,LV
100843,Karlis,Ezerina,1962-10-04,M,Jurmala,Retail,2020-07-31,LV
100844,Maija,Krastins,1986-08-17,F,Daugavpils,Retail,2023-11-08,LV
100845,Maija,Jansons,1985-04-20,F,Liepaja,Retail,2022-07-08,LV
100846,Liga,Jansons,1951-01-24,M,Daugavpils,Retail,2016-12-23,LV
100847,Anna,Vilsons,1952-11-17,F,Daugavpils,Retail,2018-06-30,LV
100848,Marta,Liepa,2001-05-15,M,Riga,Retail,2024-12-02,LV
100849,Elina,Abele,1999-11-01,F,Riga,Retail,2023-04-26,LV
100850,Elina,Ozolins,1982-01-16,M,Ventspils,Retail,2016-07-19,LV
100851,Rihards,Vilsons,1944-07-14,F,Ventspils,Retail,2023-09-07,LV
100852,Janis,Kreicbergs,1976-11-04,F,Jelgava,Retail,2022-07-31,LV
100853,Aleksandrs,Abele,1970-08-23,M,Liepaja,SME,2015-12-12,LV
100854,Liga,Kreicbergs,1948-08-03,M,Ogre,Retail,2022-09-18,LV
100855,Aleksandrs,Abele,1990-02-11,M,Valmiera,Retail,2017-03-30,LV
100856,Roberts,Liepa,1968-10-05,M,Valmiera,Retail,2023-09-25,LV
100857,Andris,Eglitis,1979-02-05,F,Daugavpils,Retail,2022-01-25,LV
100858,Dace,Kreicbergs,1980-05-20,F,Ventspils,Retail,2022-10-09,LV
100859,Rihards,Vilsons,1950-11-19,M,Daugavpils,Retail,2024-08-05,LV
100860,Rihards,Abele,1962-09-23,F,Cesis,Retail,2015-12-25,LV
100861,Karlis,Lacis,1940-06-13,M,Cesis,Retail,2024-07-04,LV
100862,Ilze,Jansons,1985-10-17,M,Ogre,Retail,2022-11-13,LV
100863,Marta,Upenieks,1960-05-15,F,Riga,Retail,2020-03-29,LV
100864,Kristaps,Kalejs,1975-09-20,F,Riga,Retail,2015-05-16,LV
100865,Laura,Krastins,1993-07-04,M,Ventspils,SME,2021-09-26,LV
100866,Ilze,Jansons,1996-12-04,M,Ventspils,Retail,2019-05-01,LV
100867,Andris,Berzins,1940-11-21,M,Cesis,Retail,2015-01-19,LV
100868,Ilze,Eglitis,2002-09-24,F,Riga,Retail,2018-09-15,LV
100869,Liga,Eglitis,1993-04-14,F,Liepaja,SME,2024-11-02,LV
100870,Laura,Jansons,1994-08-08,F,Liepaja,Retail,2016-03-29,LV
100871,Maija,Krastins,1979-07-11,F,Ventspils,Retail,2015-10-09,LV
100872,Janis,Lacis,1954-08-13,M,Daugavpils,Retail,2022-03-17,LV
100873,Elina,Ozolins,1960-07-24,M,Riga,Retail,2020-11-10,LV
100874,Roberts,Liepa,1986-02-11,M,Liepaja,Retail,2016-02-01,LV
100875,Aleksandrs,Kreicbergs,1992-07-11,M,Riga,Retail,2024-03-16,LV
100876,Karlis,Vilsons,1948-11-09,M,Jurmala,Corporate,2016-01-10,LV
100877,Liga,Eglitis,1991-06-05,M,Valmiera,Retail,2016-03-04,LV
100878,Janis,Jansons,1996-11-16,F,Cesis,Retail,2023-01-12,LV
100879,Maija,Jansons,1965-02-03,F,Riga,Retail,2015-07-17,LV
100880,Kristaps,Liepa,1980-02-03,M,Valmiera,Retail,2019-11-19,LV
100881,Roberts,Lacis,1974-07-04,M,Jurmala,SME,2021-12-15,LV
100882,Liga,Liepa,2002-12-24,F,Riga,Retail,2018-01-23,LV
100883,Maija,Kalnina,1964-06-26,F,Ventspils,Retail,2017-04-21,LV
100884,Karlis,Lacis,1977-03-18,F,Valmiera,Retail,2022-02-25,LV
100885,Elina,Kalnina,1941-01-19,F,Riga,Retail,2021-05-15,LV
100886,Rihards,Ozolins,1946-09-18,M,Valmiera,Retail,2021-07-04,LV
100887,Elina,Ezerina,1973-06-22,M,Jurmala,Retail,2022-08-19,LV
100888,Liga,Upenieks,1956-02-14,M,Riga,Retail,2021-06-03,LV
100889,Elina,Upenieks,1982-06-28,M,Riga,SME,2021-05-23,LV
100890,Janis,Ozolins,1998-11-25,M,Riga,Retail,2016-05-13,LV
100891,Janis,Berzins,1990-07-28,F,Ogre,SME,2024-03-05,LV
100892,Aleksandrs,Ezerina,1993-12-02,M,Ventspils,Retail,2017-04-06,LV
100893,Liga,Lacis,1963-05-20,F,Jurmala,Retail,2020-11-30,LV
100894,Aleksandrs,Ozolins,1964-05-12,M,Ogre,Retail,2017-01-07,LV
100895,Liga,Abele,1991-02-19,M,Daugavpils,Retail,2018-01-13,LV
100896,Rihards,Liepa,1972-09-07,M,Ogre,Retail,2024-02-21,LV
100897,Rihards,Krastins,1988-03-22,M,Cesis,Retail,2021-09-08,LV
100898,Kristaps,Upenieks,1968-08-08,M,Cesis,Retail,2023-12-31,LV
100899,Liga,Lacis,2002-02-12,F,Riga,Retail,2017-03-02,LV
100900,Karlis,Vilsons,1961-09-12,F,Ogre,Retail,2018-10-15,LV
100901,Andris,Abele,1965-02-25,F,Daugavpils,Retail,2015-01-22,LV
100902,Roberts,Kreicbergs,1967-05-19,M,Ogre,Retail,2015-05-22,LV
100903,Anna,Ezerina,1988-04-26,M,Ventspils,Retail,2020-01-28,LV
100904,Laura,Jansons,1988-07-28,F,Ventspils,Retail,2022-11-17,LV
100905,Anna,Ozolins,1959-09-25,M,Daugavpils,Retail,2024-04-06,LV
100906,Maija,Krastins,2002-10-20,M,Ogre,SME,2022-03-20,LV
100907,Rihards,Jansons,2000-11-21,F,Valmiera,Retail,2024-01-19,LV
100908,Elina,Lacis,1988-09-01,M,Ventspils,Retail,2021-06-14,LV
100909,Roberts,Eglitis,1940-10-22,F,Ventspils,Retail,2018-11-28,LV
100910,Ilze,Berzins,1952-12-09,M,Liepaja,Retail,2019-03-18,LV
100911,Andris,Eglitis,1990-01-06,F,Ogre,Retail,2022-11-02,LV
100912,Janis,Berzins,1995-05-23,M,Ventspils,Retail,2020-11-20,LV
100913,Dace,Kalnina,2001-05-11,M,Jurmala,SME,2017-08-21,LV
100914,Marta,Ezerina,1971-06-01,F,Ogre,Retail,2019-09-09,LV
100915,Kristaps,Jansons,1969-03-28,M,Cesis,Retail,2018-03-17,LV
100916,Elina,Berzins,1968-03-19,M,Liepaja,Retail,2016-12-02,LV
100917,Elina,Sproge,1988-11-13,F,Ventspils,Retail,2015-07-20,LV
100918,Karlis,Upenieks,1984-02-05,M,Liepaja,Retail,2022-02-18,LV
100919,Elina,Sproge,1969-12-21,F,Cesis,Retail,2025-06-17,LV
100920,Janis,Ezerina,1955-01-03,M,Daugavpils,Retail,2015-04-08,LV
100921,Janis,Sproge,1979-12-17,M,Daugavpils,SME,2019-02-04,LV
100922,Marta,Kalejs,1958-04-13,M,Ogre,Retail,2018-07-04,LV
100923,Laura,Upenieks,1957-07-15,M,Cesis,Retail,2016-02-23,LV
100924,Liga,Abele,1940-06-06,F,Jelgava,Retail,2016-09-18,LV
100925,Ilze,Krastins,1986-06-10,M,Jelgava,Retail,2025-02-07,LV
100926,Roberts,Berzins,2005-12-11,F,Ogre,Retail,2015-07-28,LV
100927,Elina,Berzins,1977-10-20,M,Riga,Retail,2022-08-06,LV
100928,Anna,Abele,1990-02-02,M,Liepaja,Retail,2025-03-03,LV
100929,Aleksandrs,Jansons,2002-03-06,M,Liepaja,Retail,2015-10-30,LV
100930,Karlis,Jansons,1943-10-02,M,Daugavpils,Retail,2019-03-01,LV
100931,Karlis,Ezerina,1940-11-03,F,Jelgava,SME,2015-10-02,LV
100932,Laura,Sproge,1947-05-15,F,Ventspils,Retail,2021-11-04,LV
100933,Anna,Ezerina,1968-11-14,F,Ventspils,SME,2022-06-20,LV
100934,Maija,Abele,1994-08-20,F,Ventspils,Corporate,2018-12-27,LV
100935,Anna,Ezerina,1942-08-14,M,Daugavpils,Retail,2024-03-07,LV
100936,Andris,Lacis,1971-05-07,F,Cesis,Retail,2018-09-12,LV
100937,Maija,Upenieks,1949-09-04,F,Valmiera,Retail,2015-12-17,LV
100938,Dace,Sproge,1973-06-14,M,Jelgava,Retail,2017-05-20,LV
100939,Rihards,Eglitis,1994-02-10,M,Jelgava,Retail,2023-07-29,LV
100940,Aleksandrs,Kalejs,1971-11-22,M,Liepaja,Retail,2019-12-03,LV
100941,Rihards,Vilsons,1989-10-16,M,Riga,SME,2018-12-26,LV
100942,Karlis,Kreicbergs,1946-09-22,F,Ogre,Retail,2024-10-19,LV
100943,Anna,Kalejs,1947-05-02,F,Liepaja,Retail,2020-06-04,LV
100944,Dace,Jansons,2004-04-13,M,Cesis,Retail,2024-10-28,LV
100945,Liga,Krastins,1996-10-02,M,Ogre,SME,2025-03-04,LV
100946,Kristaps,Vilsons,2006-01-07,M,Jelgava,Retail,2020-06-15,LV
100947,Roberts,Kalnina,1998-05-07,F,Cesis,Corporate,2019-01-12,LV
100948,Dace,Ozolins,1993-03-25,F,Ogre,Retail,2020-02-19,LV
100949,Laura,Krastins,2006-05-10,M,Jurmala,Retail,2017-06-09,LV
100950,Andris,Sproge,1990-06-04,M,Valmiera,Retail,2023-11-13,LV
100951,Roberts,Berzins,1947-01-16,F,Jelgava,Retail,2018-10-05,LV
100952,Anna,Lacis,1973-12-14,M,Riga,Retail,2022-01-13,LV
100953,Ilze,Lacis,1974-03-05,M,Ventspils,Retail,2020-02-11,LV
100954,Liga,Abele,1971-07-18,F,Jurmala,Retail,2019-09-06,LV
100955,Dace,Krastins,1985-12-08,M,Ventspils,Retail,2016-01-14,LV
100956,Aleksandrs,Abele,1955-09-18,F,Valmiera,Retail,2024-06-21,LV
100957,Anna,Berzins,1976-11-26,M,Ogre,SME,2025-01-24,LV
100958,Elina,Sproge,1993-06-03,M,Daugavpils,Retail,2017-12-24,LV
100959,Janis,Krastins,1953-07-28,F,Riga,Retail,2022-04-08,LV
100960,Dace,Ozolins,1994-12-02,F,Valmiera,Retail,2024-06-15,LV
100961,Aleksandrs,Kreicbergs,1987-07-01,M,Ventspils,Retail,2023-06-07,LV
100962,Andris,Ozolins,1946-08-03,F,Jurmala,Retail,2015-10-19,LV
100963,Kristaps,Vilsons,1946-06-19,M,Jelgava,Retail,2020-11-10,LV
100964,Elina,Ozolins,1972-07-19,M,Jurmala,Retail,2021-06-26,LV
100965,Rihards,Lacis,1962-07-23,F,Jurmala,Retail,2023-12-03,LV
100966,Kristaps,Vilsons,1958-11-14,M,Daugavpils,Retail,2020-06-03,LV
100967,Rihards,Ozolins,1958-05-04,M,Daugavpils,Retail,2022-01-30,LV
100968,Anna,Kreicbergs,1975-07-01,F,Cesis,Retail,2021-12-11,LV
100969,Janis,Krastins,1968-06-06,F,Cesis,Retail,2017-07-16,LV
100970,Dace,Kreicbergs,1999-10-15,M,Ogre,Retail,2020-02-07,LV
100971,Dace,Jansons,1941-12-12,F,Cesis,Retail,2021-05-28,LV
100972,Ilze,Berzins,1940-02-14,F,Liepaja,Retail,2018-02-16,LV
100973,Karlis,Kreicbergs,1986-02-08,F,Riga,SME,2024-02-25,LV
100974,Ilze,Vilsons,1959-07-19,F,Liepaja,Retail,2023-01-21,LV
100975,Laura,Kreicbergs,1950-07-17,M,Liepaja,Retail,2019-02-06,LV
100976,Anna,Jansons,1941-02-13,M,Ventspils,Retail,2018-11-01,LV
100977,Anna,Abele,2006-05-24,M,Valmiera,Retail,2020-02-12,LV
100978,Janis,Vilsons,1951-06-08,F,Liepaja,Retail,2017-06-15,LV
100979,Ilze,Jansons,1959-06-25,F,Riga,Retail,2022-11-17,LV
100980,Aleksandrs,Lacis,1944-03-03,F,Daugavpils,Retail,2015-12-25,LV
100981,Rihards,Eglitis,1976-09-21,F,Ogre,Retail,2024-07-26,LV
100982,Aleksandrs,Eglitis,1977-02-17,F,Ventspils,Retail,2022-01-08,LV
100983,Janis,Kalnina,1948-09-07,F,Daugavpils,Retail,2022-02-01,LV
100984,Liga,Ozolins,1992-06-12,F,Ventspils,Retail,2024-06-24,LV
100985,Karlis,Berzins,1983-12-27,M,Riga,Retail,2024-01-07,LV
100986,Aleksandrs,Liepa,1963-11-27,M,Jurmala,Retail,2017-04-13,LV
100987,Maija,Kalejs,1969-03-08,F,Jelgava,Retail,2021-08-10,LV
100988,Laura,Jansons,1998-02-05,F,Valmiera,Retail,2019-02-18,LV
100989,Roberts,Abele,1953-05-07,F,Daugavpils,Retail,2019-05-04,LV
100990,Janis,Kalejs,1948-03-20,M,Valmiera,Retail,2018-06-17,LV
100991,Janis,Abele,1979-03-25,M,Jurmala,Retail,2020-08-14,LV
100992,Marta,Lacis,2005-11-03,F,Jelgava,Retail,2016-05-06,LV
100993,Rihards,Upenieks,1964-03-25,F,Valmiera,Retail,2022-08-26,LV
100994,Laura,Upenieks,1961-11-16,M,Valmiera,Retail,2021-04-24,LV
100995,Elina,Upenieks,1943-08-25,M,Daugavpils,Retail,2016-07-28,LV
100996,Elina,Kalejs,1965-10-25,M,Cesis,Retail,2024-02-11,LV
100997,Maija,Ezerina,1997-10-15,M,Jelgava,Retail,2018-03-29,LV
100998,Ilze,Jansons,1968-11-19,F,Jurmala,Retail,2015-11-17,LV
100999,Laura,Liepa,1976-11-21,M,Jelgava,Retail,2019-07-27,LV
